"DataWindow","History","Possessions","Home.Team","Away.Team","HomeWins","AwayWins","Ties","Home.Score","Away.Score","Home.Sim.Median","Away.Sim.Median"
"ccb6fb61-5ca5-11f0-b602-991bd49151a6",5,70,"TSV Hannover-Burgdorf","VfL Gummersbach",359,3565,76,106397,152787,26,38
"d7e307a9-5ca5-11f0-af4b-018ba42b97a2",5,70,"HC Erlangen","THW Kiel",1178,2657,165,95648,111031,24,28
"c9ebe4b9-5ca5-11f0-b9d0-d509415b4f76",5,70,"MT Melsungen","Rhein-Neckar Löwen",1443,2420,137,132778,144539,33,36
"cff46791-5ca5-11f0-b4be-d5cc39e1dd13",5,70,"TBV Lemgo Lippe","SC Magdeburg",1644,2183,173,126923,132917,31,33
"d236ce04-5ca5-11f0-b4f5-d5cc39e1dd13",5,70,"ThSV Eisenach","SC DHfK Leipzig",3355,538,107,150923,114175,38,28
"d41e6dd8-5ca5-11f0-a092-dfdc3d404345",5,70,"HSG Wetzlar","SG Flensburg-Handewitt",2139,1678,183,112665,107882,28,27
"ce81a920-5ca5-11f0-8abc-9102bad69bf2",5,70,"Füchse Berlin","Bergischer HC",2852,1012,136,162368,139757,40,35
"d655de03-5ca5-11f0-a911-11b226ba5eb7",5,70,"GWD Minden","FRISCH AUF! Göppingen",3527,382,91,141514,97646,35,24
"d91491bc-5ca5-11f0-b375-6f5f1c5108cb",5,70,"TVB Stuttgart","Handball Sport Verein Hamburg",1033,2813,154,106103,126491,26,31
"dd03f6a5-5ca5-11f0-897b-7b4e80181ed3",5,70,"Rhein-Neckar Löwen","GWD Minden",2698,1171,131,138704,120266,35,30
"dd15deb5-5ca5-11f0-9318-018ba42b97a2",5,70,"THW Kiel","HSG Wetzlar",2153,1659,188,118737,113380,30,28
"dfd1da92-5ca5-11f0-be2c-6f5f1c5108cb",5,70,"FRISCH AUF! Göppingen","Füchse Berlin",346,3579,75,104023,148252,26,37
"e0d61b54-5ca5-11f0-b834-39512e9bd225",5,70,"Bergischer HC","HC Erlangen",2104,1713,183,128332,124404,32,31
"db9c8162-5ca5-11f0-ac62-6768df442659",5,70,"SC Magdeburg","ThSV Eisenach",1701,2126,173,132246,137832,33,34
"df8780db-5ca5-11f0-92f6-e140cdfe5a3a",5,70,"Handball Sport Verein Hamburg","TSV Hannover-Burgdorf",3198,680,122,139342,108655,35,27
"ddaeb27e-5ca5-11f0-a837-7feafd5d7646",5,70,"VfL Gummersbach","MT Melsungen",3646,284,70,164471,116264,41,29
"df001910-5ca5-11f0-a80a-6f5f1c5108cb",5,70,"SC DHfK Leipzig","TBV Lemgo Lippe",1123,2703,174,93031,109139,23,27
"db256317-5ca5-11f0-8e10-51a43a77a48d",5,70,"SG Flensburg-Handewitt","TVB Stuttgart",2377,1456,167,119938,109264,30,27
"e212b563-5ca5-11f0-abda-5389986df98b",5,70,"Füchse Berlin","SC Magdeburg",2170,1657,173,140548,135183,35,34
"e63ed68d-5ca5-11f0-9337-51a43a77a48d",5,70,"HC Erlangen","FRISCH AUF! Göppingen",2850,1005,145,117410,97487,29,24
"e67dbad4-5ca5-11f0-9f45-a7e47f7b55aa",5,70,"TVB Stuttgart","Bergischer HC",1516,2316,168,117055,125963,29,31
"e3d82873-5ca5-11f0-abed-cb70ad9a9de9",5,70,"SC DHfK Leipzig","HSG Wetzlar",1026,2811,163,94001,113377,23,28
"e2f7d751-5ca5-11f0-a0fc-6f5f1c5108cb",5,70,"TBV Lemgo Lippe","VfL Gummersbach",959,2896,145,124932,148237,31,37
"e3a17ba6-5ca5-11f0-b4c2-6dad4b854d36",5,70,"ThSV Eisenach","MT Melsungen",2845,998,157,143900,123607,36,31
"e433e18a-5ca5-11f0-952e-a7e47f7b55aa",5,70,"Handball Sport Verein Hamburg","Rhein-Neckar Löwen",2559,1263,178,129466,114699,32,28
"e53e63b8-5ca5-11f0-83a9-b98d73d2c645",5,70,"GWD Minden","SG Flensburg-Handewitt",1937,1895,168,131018,130704,33,32
"ecb697b3-5ca5-11f0-83b3-7feafd5d7646",5,70,"FRISCH AUF! Göppingen","SC DHfK Leipzig",2097,1692,211,103627,99777,26,25
"e83ff31e-5ca5-11f0-9434-5389986df98b",5,70,"MT Melsungen","HC Erlangen",2095,1730,175,123423,120051,31,30
"ea8b2a65-5ca5-11f0-9d2c-6dad4b854d36",5,70,"Rhein-Neckar Löwen","ThSV Eisenach",1575,2255,170,124303,132207,31,33
"ecda0492-5ca5-11f0-8789-cb70ad9a9de9",5,70,"Bergischer HC","GWD Minden",2090,1715,195,138190,133893,34,33
"ead12c28-5ca5-11f0-8909-6f5f1c5108cb",5,70,"THW Kiel","Handball Sport Verein Hamburg",1626,2185,189,124785,131477,31,33
"ec398067-5ca5-11f0-aff2-5389986df98b",5,70,"VfL Gummersbach","Füchse Berlin",2452,1380,168,150762,138373,38,34
"ea1649ef-5ca5-11f0-8ec5-6dad4b854d36",5,70,"SC Magdeburg","TVB Stuttgart",2174,1666,160,127286,122031,32,30
"ec5f50cb-5ca5-11f0-a142-6dad4b854d36",5,70,"HSG Wetzlar","TBV Lemgo Lippe",1192,2633,175,112850,128044,28,32
"e86e3dd8-5ca5-11f0-80ce-51a43a77a48d",5,70,"SG Flensburg-Handewitt","TSV Hannover-Burgdorf",2441,1380,179,130397,118738,32,30
"e14e1629-5ca5-11f0-888c-b98d73d2c645",5,70,"TSV Hannover-Burgdorf","THW Kiel",986,2857,157,105897,127484,26,32
"f297e7ef-5ca5-11f0-bbd6-6768df442659",5,70,"TVB Stuttgart","FRISCH AUF! Göppingen",3288,596,116,134459,100902,33,25
"f13312da-5ca5-11f0-a2ad-39512e9bd225",5,70,"Handball Sport Verein Hamburg","TBV Lemgo Lippe",2051,1772,177,135396,132384,34,33
"f0db89ca-5ca5-11f0-ac8e-73ab39a3850b",5,70,"GWD Minden","VfL Gummersbach",559,3320,121,112387,146847,28,37
"f136d54c-5ca5-11f0-9c32-6b4ccd828704",5,70,"HC Erlangen","SC Magdeburg",1110,2744,146,118268,136112,30,34
"f0a46024-5ca5-11f0-8a52-73ab39a3850b",5,70,"ThSV Eisenach","HSG Wetzlar",3331,556,113,135291,100649,34,25
"eeb8791e-5ca5-11f0-a433-7feafd5d7646",5,70,"Füchse Berlin","MT Melsungen",2401,1431,168,130656,120626,33,30
"eeb07d9c-5ca5-11f0-8c40-6b4ccd828704",5,70,"TSV Hannover-Burgdorf","Rhein-Neckar Löwen",906,2955,139,110167,134957,27,34
"f2aab62a-5ca5-11f0-84ec-cb70ad9a9de9",5,70,"Bergischer HC","SG Flensburg-Handewitt",1046,2809,145,116878,138076,29,34
"ef34e607-5ca5-11f0-aae5-018ba42b97a2",5,70,"SC DHfK Leipzig","THW Kiel",550,3324,126,96391,130421,24,32
"43bdea8f-5ca6-11f0-95a3-d5c0622aa00f",5,70,"THW Kiel","GWD Minden",2863,988,149,137836,115255,34,28
"f8e7ea33-5ca5-11f0-af55-6768df442659",5,70,"VfL Gummersbach","TVB Stuttgart",1865,1966,169,132725,134520,33,33
"f9110ed0-5ca5-11f0-8f8e-51a43a77a48d",5,70,"TBV Lemgo Lippe","Bergischer HC",3595,327,78,149719,104351,37,26
"f46ef848-5ca5-11f0-ae43-7feafd5d7646",5,70,"TSV Hannover-Burgdorf","HC Erlangen",1338,2508,154,117102,130579,29,33
"f4590e78-5ca5-11f0-9873-6f5f1c5108cb",5,70,"MT Melsungen","Handball Sport Verein Hamburg",920,2923,157,115335,137297,29,34
"f769c179-5ca5-11f0-ba05-11b226ba5eb7",5,70,"Rhein-Neckar Löwen","SC DHfK Leipzig",3020,830,150,122511,97609,30,24
"f4be284c-5ca5-11f0-bf64-7feafd5d7646",5,70,"SG Flensburg-Handewitt","FRISCH AUF! Göppingen",2802,1041,157,133424,114267,33,28
"f8ce758e-5ca5-11f0-8eb2-51a43a77a48d",5,70,"HSG Wetzlar","GWD Minden",2552,1267,181,118269,104957,29,26
"f6888a9a-5ca5-11f0-863d-cb70ad9a9de9",5,70,"Füchse Berlin","ThSV Eisenach",1364,2472,164,123019,134555,31,33
"faf40b38-5ca5-11f0-914c-7b4e80181ed3",5,70,"SC DHfK Leipzig","SG Flensburg-Handewitt",872,3002,126,104755,128798,26,32
"fd042dac-5ca5-11f0-bff0-b98d73d2c645",5,70,"FRISCH AUF! Göppingen","TSV Hannover-Burgdorf",1399,2406,195,108634,119927,27,30
"fd21f3c1-5ca5-11f0-acb1-51a43a77a48d",5,70,"GWD Minden","TBV Lemgo Lippe",517,3376,107,105149,142357,26,35
"fe512125-5ca5-11f0-b38f-6b4ccd828704",5,70,"HC Erlangen","Füchse Berlin",1613,2195,192,124094,130909,31,33
"fc232877-5ca5-11f0-bbdb-67daa0b8fb78",5,70,"Handball Sport Verein Hamburg","SC Magdeburg",1365,2473,162,127104,138677,32,35
"fa598595-5ca5-11f0-b531-67daa0b8fb78",5,70,"THW Kiel","Rhein-Neckar Löwen",2223,1609,168,124603,117946,31,29
"fb0d2d5c-5ca5-11f0-8aea-6f5f1c5108cb",5,70,"ThSV Eisenach","VfL Gummersbach",2313,1518,169,141348,132937,35,33
"febf38b7-5ca5-11f0-afe0-51a43a77a48d",5,70,"TVB Stuttgart","MT Melsungen",2584,1239,177,129248,114311,32,28
"0375b330-5ca6-11f0-8b8c-6768df442659",5,70,"Rhein-Neckar Löwen","FRISCH AUF! Göppingen",2860,987,153,125458,104596,31,26
"04f6a2b0-5ca6-11f0-a124-d3cac4cc7900",5,70,"VfL Gummersbach","HC Erlangen",2480,1362,158,147714,134283,37,33
"fef92414-5ca5-11f0-a365-b98d73d2c645",5,70,"Bergischer HC","HSG Wetzlar",545,3334,121,99518,133198,25,33
"00ba9627-5ca6-11f0-ac5e-5389986df98b",5,70,"MT Melsungen","SC DHfK Leipzig",3091,780,129,120303,94620,30,24
"0172aa0a-5ca6-11f0-be58-55240abd96d4",5,70,"SG Flensburg-Handewitt","THW Kiel",2273,1551,176,134054,126128,33,31
"00ec13a6-5ca6-11f0-a5f8-51a43a77a48d",5,70,"TSV Hannover-Burgdorf","ThSV Eisenach",723,3147,130,110350,138635,27,34
"02f4e1a9-5ca6-11f0-bf4b-11b226ba5eb7",5,70,"SC Magdeburg","Bergischer HC",3457,442,101,152627,112885,38,28
"02ea68cb-5ca6-11f0-a329-51a43a77a48d",5,70,"Füchse Berlin","GWD Minden",3368,514,118,139059,102820,35,26
"04a83daf-5ca6-11f0-acfb-a7e47f7b55aa",5,70,"TBV Lemgo Lippe","TVB Stuttgart",2891,951,158,151369,128384,38,32
"05583094-5ca6-11f0-bc07-6768df442659",5,70,"HSG Wetzlar","Handball Sport Verein Hamburg",1758,2060,182,122984,126023,31,31
"1bf14f51-5ca6-11f0-80f8-3dbba35e4197",5,70,"FRISCH AUF! Göppingen","VfL Gummersbach",836,3043,121,115418,142078,29,35
"068c8661-5ca6-11f0-9890-6768df442659",5,70,"TBV Lemgo Lippe","Rhein-Neckar Löwen",2808,1053,139,141580,121082,35,30
"085c0f47-5ca6-11f0-8b6b-6b4ccd828704",5,70,"ThSV Eisenach","SG Flensburg-Handewitt",2122,1691,187,138302,133911,34,33
"0a94b092-5ca6-11f0-bc75-f1cb9c09342d",5,70,"FRISCH AUF! Göppingen","Bergischer HC",2380,1445,175,127836,117551,32,29
"0aa76e59-5ca6-11f0-948a-116dfc6d7ae4",5,70,"HC Erlangen","HSG Wetzlar",1109,2722,169,116210,133160,29,33
"05fd729b-5ca6-11f0-8efe-a7e47f7b55aa",5,70,"THW Kiel","MT Melsungen",2232,1579,189,129140,121846,32,30
"0b248d78-5ca6-11f0-9c92-39512e9bd225",5,70,"TVB Stuttgart","Füchse Berlin",870,3007,123,124163,149824,31,38
"0788ecda-5ca6-11f0-baf1-a7e47f7b55aa",5,70,"SC DHfK Leipzig","SC Magdeburg",258,3702,40,93709,143346,23,36
"090fadb2-5ca6-11f0-bb5d-11b226ba5eb7",5,70,"Handball Sport Verein Hamburg","VfL Gummersbach",1372,2470,158,130721,142876,33,36
"09e1e335-5ca6-11f0-a8a8-7d6f7483dbaf",5,70,"GWD Minden","TSV Hannover-Burgdorf",633,3242,125,90777,121406,22,30
"0fab2c7c-5ca6-11f0-9b07-e50905737f33",5,70,"VfL Gummersbach","THW Kiel",2203,1616,181,137038,130637,34,32
"125aa285-5ca6-11f0-9576-5389986df98b",5,70,"HSG Wetzlar","FRISCH AUF! Göppingen",2441,1383,176,122672,112365,30,28
"10dfb026-5ca6-11f0-b8e9-e50905737f33",5,70,"ThSV Eisenach","GWD Minden",2763,1046,191,136367,117574,34,29
"1307ae90-5ca6-11f0-80d1-6b4ccd828704",5,70,"Bergischer HC","SC DHfK Leipzig",2761,1080,159,124482,105932,31,26
"0cd4d4a8-5ca6-11f0-8e1c-39512e9bd225",5,70,"MT Melsungen","TBV Lemgo Lippe",1020,2829,151,122315,142645,30,36
"0f48d925-5ca6-11f0-8ad9-dfdc3d404345",5,70,"Rhein-Neckar Löwen","TVB Stuttgart",2613,1227,160,121053,105554,30,26
"0c954cad-5ca6-11f0-b46c-7b4e80181ed3",5,70,"TSV Hannover-Burgdorf","SC Magdeburg",619,3281,100,108772,142120,27,35
"0d1d8d0f-5ca6-11f0-8452-018ba42b97a2",5,70,"SG Flensburg-Handewitt","HC Erlangen",2676,1196,128,144342,127470,36,32
"0ec62563-5ca6-11f0-9324-7b4e80181ed3",5,70,"Füchse Berlin","Handball Sport Verein Hamburg",2067,1763,170,141342,137715,35,34
"19f62729-5ca6-11f0-bde4-e140cdfe5a3a",5,70,"GWD Minden","MT Melsungen",895,2943,162,110403,132646,27,33
"1ca49b45-5ca6-11f0-8ec6-3dbba35e4197",5,70,"HC Erlangen","ThSV Eisenach",1757,2071,172,136604,139917,34,35
"193f37c2-5ca6-11f0-a0bc-dfdc3d404345",5,70,"SG Flensburg-Handewitt","Handball Sport Verein Hamburg",1930,1891,179,133170,131908,33,33
"166666b2-5ca6-11f0-9ba7-b5d0ad8e5c31",5,70,"THW Kiel","Bergischer HC",1819,1983,198,113594,115589,28,29
"16c1d65e-5ca6-11f0-9209-116dfc6d7ae4",5,70,"TBV Lemgo Lippe","TSV Hannover-Burgdorf",3266,627,107,140410,108427,35,27
"1554391f-5ca6-11f0-b3a0-dfdc3d404345",5,70,"SC Magdeburg","Rhein-Neckar Löwen",2381,1486,133,137220,126116,34,31
"1763e078-5ca6-11f0-8fe0-6b4ccd828704",5,70,"SC DHfK Leipzig","Füchse Berlin",252,3690,58,103384,154480,26,39
"23b5af67-5ca6-11f0-9e40-19aa98125d6f",5,70,"ThSV Eisenach","TVB Stuttgart",2343,1505,152,135915,126331,34,31
"26507642-5ca6-11f0-ad62-190fa583388f",5,70,"FRISCH AUF! Göppingen","Handball Sport Verein Hamburg",1039,2790,171,112598,133278,28,33
"264d310d-5ca6-11f0-9b37-67ac77d7a6d0",5,70,"GWD Minden","SC DHfK Leipzig",2783,1064,153,121426,102622,30,25
"1f158e53-5ca6-11f0-a14c-c56076331e4a",5,70,"MT Melsungen","TSV Hannover-Burgdorf",2673,1142,185,127660,110546,32,27
"21e26188-5ca6-11f0-9183-ef473d70e6ec",5,70,"Füchse Berlin","THW Kiel",3074,801,125,147419,120420,37,30
"221af2ca-5ca6-11f0-b449-c1d2b26938c3",5,70,"SG Flensburg-Handewitt","SC Magdeburg",1974,1852,174,137268,136062,34,34
"285b241c-5ca6-11f0-8c4d-c56076331e4a",5,70,"HC Erlangen","TBV Lemgo Lippe",1232,2598,170,123599,139000,31,35
"2833da91-5ca6-11f0-a441-3dbba35e4197",5,70,"Bergischer HC","Rhein-Neckar Löwen",1586,2226,188,127699,135009,32,33
"24fa09f2-5ca6-11f0-8e98-6b3477fb4a05",5,70,"HSG Wetzlar","VfL Gummersbach",1671,2142,187,127771,132989,32,33
"2ae103ea-5ca6-11f0-af72-c56076331e4a",5,70,"TSV Hannover-Burgdorf","Bergischer HC",1276,2532,192,108438,121977,27,30
"32c66cca-5ca6-11f0-b0c3-ff9d213c071e",5,70,"TVB Stuttgart","GWD Minden",1319,2511,170,114184,126950,28,32
"30ecbf82-5ca6-11f0-bcd4-6b3477fb4a05",5,70,"TBV Lemgo Lippe","ThSV Eisenach",2161,1649,190,134876,129162,34,32
"2a63f6a7-5ca6-11f0-bc05-55240abd96d4",5,70,"MT Melsungen","SG Flensburg-Handewitt",1526,2296,178,121695,129080,30,32
"2cf66b54-5ca6-11f0-8392-67ac77d7a6d0",5,70,"SC Magdeburg","HSG Wetzlar",2993,875,132,136790,111953,34,28
"2ff6afd7-5ca6-11f0-9410-6b3477fb4a05",5,70,"VfL Gummersbach","SC DHfK Leipzig",3569,348,83,139221,96886,35,24
"2e60d1f8-5ca6-11f0-868d-e50905737f33",5,70,"THW Kiel","FRISCH AUF! Göppingen",2133,1687,180,120038,115115,30,29
"2d6db2c5-5ca6-11f0-a79e-651db02a12a3",5,70,"Rhein-Neckar Löwen","Füchse Berlin",1248,2600,152,127138,142496,32,35
"313a4430-5ca6-11f0-811e-dfdc3d404345",5,70,"Handball Sport Verein Hamburg","HC Erlangen",2103,1708,189,123918,119836,31,30
"38e98ee9-5ca6-11f0-80f8-855cbc1f4647",5,70,"HSG Wetzlar","Rhein-Neckar Löwen",1298,2511,191,111363,125386,28,31
"3d5b9887-5ca6-11f0-9058-eb4f5862a312",5,70,"HC Erlangen","TVB Stuttgart",1271,2546,183,115764,130152,29,32
"38cf3176-5ca6-11f0-904e-714bec399a91",5,70,"ThSV Eisenach","THW Kiel",1874,1916,210,119668,119531,30,30
"3b4ba284-5ca6-11f0-b3fc-b153c9b29b7a",5,70,"GWD Minden","SC Magdeburg",542,3362,96,106378,140863,26,35
"3b60d672-5ca6-11f0-83c9-a7e47f7b55aa",5,70,"FRISCH AUF! Göppingen","MT Melsungen",1161,2652,187,108314,123819,27,31
"3543324c-5ca6-11f0-87e2-5389986df98b",5,70,"SG Flensburg-Handewitt","VfL Gummersbach",1686,2113,201,133016,137521,33,34
"384cd505-5ca6-11f0-9139-db9bdd6c33ea",5,70,"SC DHfK Leipzig","TSV Hannover-Burgdorf",1226,2594,180,103760,119012,26,30
"35e5ccef-5ca6-11f0-b751-eb4f5862a312",5,70,"Füchse Berlin","TBV Lemgo Lippe",2709,1104,187,140730,122329,35,30
"3d89d8d0-5ca6-11f0-9d3a-692173321dd9",5,70,"Bergischer HC","Handball Sport Verein Hamburg",2079,1761,160,121688,118361,30,29
"1cf7ed90-5ca6-11f0-8d97-67ac77d7a6d0",5,70,"TVB Stuttgart","HSG Wetzlar",2513,1305,182,119007,105486,30,26
"4697162f-5ca6-11f0-8f84-130db53ce822",5,70,"TBV Lemgo Lippe","SG Flensburg-Handewitt",1495,2350,155,131109,140592,33,35
"44af1a9e-5ca6-11f0-a705-bd9ca2574a08",5,70,"VfL Gummersbach","Bergischer HC",2627,1215,158,135900,120809,34,30
"42383018-5ca6-11f0-8894-130db53ce822",5,70,"Rhein-Neckar Löwen","HC Erlangen",3143,734,123,134497,104282,33,26
"4051bf33-5ca6-11f0-823e-cde00a05ebaf",5,70,"TSV Hannover-Burgdorf","Füchse Berlin",1513,2304,183,130207,137804,32,34
"3fc5d25a-5ca6-11f0-8da2-cde00a05ebaf",5,70,"MT Melsungen","HSG Wetzlar",2675,1140,185,115589,100042,29,25
"45faf19f-5ca6-11f0-b158-d1be6b4750f0",5,70,"Handball Sport Verein Hamburg","ThSV Eisenach",2163,1649,188,124148,119481,31,29
"41fe4ceb-5ca6-11f0-9289-cde00a05ebaf",5,70,"SC Magdeburg","FRISCH AUF! Göppingen",3516,393,91,136968,93930,34,23
"46c5b529-5ca6-11f0-80d9-252d9292142f",5,70,"TVB Stuttgart","SC DHfK Leipzig",2686,1141,173,127688,110083,32,27
"4b547901-5ca6-11f0-8da8-cde00a05ebaf",5,70,"THW Kiel","TVB Stuttgart",1310,2523,167,120924,133958,30,33
"5012ad85-5ca6-11f0-aaec-252d9292142f",5,70,"GWD Minden","HC Erlangen",2428,1391,181,115529,104636,29,26
"5076ebc9-5ca6-11f0-a1a7-692173321dd9",5,70,"FRISCH AUF! Göppingen","TBV Lemgo Lippe",1417,2414,169,119347,130646,30,32
"4a41afea-5ca6-11f0-b009-db9bdd6c33ea",5,70,"SC Magdeburg","MT Melsungen",3394,501,105,146377,109615,37,27
"4d20cd41-5ca6-11f0-9721-fb95b19d8a7d",5,70,"SC DHfK Leipzig","Handball Sport Verein Hamburg",1617,2182,201,112041,117728,28,29
"4de51cb4-5ca6-11f0-9971-bd9ca2574a08",5,70,"HSG Wetzlar","TSV Hannover-Burgdorf",873,2987,140,105948,130313,26,32
"48f8f6f7-5ca6-11f0-95fd-d1be6b4750f0",5,70,"SG Flensburg-Handewitt","Füchse Berlin",1371,2476,153,121909,133730,30,33
"515222f9-5ca6-11f0-a04a-5389986df98b",5,70,"Bergischer HC","ThSV Eisenach",2126,1687,187,117144,112725,29,28
"4b7108a7-5ca6-11f0-a94a-5b651c08d00d",5,70,"Rhein-Neckar Löwen","VfL Gummersbach",1625,2171,204,129126,134432,32,33
"5c5b60c0-5ca6-11f0-bf1f-ff240139c628",5,70,"HC Erlangen","SC DHfK Leipzig",1580,2222,198,99666,105903,25,26
"59def0ca-5ca6-11f0-a482-11b226ba5eb7",5,70,"ThSV Eisenach","FRISCH AUF! Göppingen",1687,2123,190,114230,119462,28,30
"59b80eb9-5ca6-11f0-a828-ed2cdfa8ab2c",5,70,"TBV Lemgo Lippe","THW Kiel",2675,1160,165,142579,124898,35,31
"53f6d93e-5ca6-11f0-9411-fb95b19d8a7d",5,70,"TSV Hannover-Burgdorf","TVB Stuttgart",2025,1794,181,136524,134849,34,34
"540fb714-5ca6-11f0-aa5b-d1be6b4750f0",5,70,"MT Melsungen","Bergischer HC",2174,1616,210,120197,114160,30,28
"5626dc10-5ca6-11f0-8183-252d9292142f",5,70,"Füchse Berlin","HSG Wetzlar",3107,765,128,127218,100004,32,25
"5830c8a4-5ca6-11f0-9f67-ed2cdfa8ab2c",5,70,"VfL Gummersbach","SC Magdeburg",1348,2471,181,129173,142399,32,36
"5a63229c-5ca6-11f0-908f-4ff78e868a92",5,70,"Handball Sport Verein Hamburg","GWD Minden",2129,1667,204,119729,114809,30,29
"55d51f58-5ca6-11f0-8eb3-fb95b19d8a7d",5,70,"SG Flensburg-Handewitt","Rhein-Neckar Löwen",1437,2367,196,124452,135177,31,34
"62fdb295-5ca6-11f0-88c5-2d244033710e",5,70,"FRISCH AUF! Göppingen","SG Flensburg-Handewitt",1696,2121,183,125125,130264,31,32
"64941197-5ca6-11f0-8b57-89362c91f590",5,70,"HC Erlangen","MT Melsungen",791,3077,132,102495,127483,25,32
"6603737d-5ca6-11f0-9cf2-ed2cdfa8ab2c",5,70,"Bergischer HC","TBV Lemgo Lippe",1209,2632,159,112829,128058,28,32
"5f99e033-5ca6-11f0-8b2f-4ff78e868a92",5,70,"THW Kiel","TSV Hannover-Burgdorf",998,2853,149,110600,131389,27,33
"5ec6cace-5ca6-11f0-98dd-714bec399a91",5,70,"Rhein-Neckar Löwen","Handball Sport Verein Hamburg",2719,1127,154,137279,119151,34,30
"5e6565ff-5ca6-11f0-9f39-116dfc6d7ae4",5,70,"SC Magdeburg","SC DHfK Leipzig",3801,156,43,150463,95594,37,24
"656ebdec-5ca6-11f0-b08f-bd1e6e5ecc1c",5,70,"TVB Stuttgart","VfL Gummersbach",743,3137,120,116612,145890,29,36
"60daf71b-5ca6-11f0-a86d-991bd49151a6",5,70,"HSG Wetzlar","ThSV Eisenach",1863,1942,195,100600,101479,25,25
"6268e641-5ca6-11f0-a8f6-89362c91f590",5,70,"GWD Minden","Füchse Berlin",732,3135,133,102832,129671,26,32
"f6816356-5ca5-11f0-8bde-11b226ba5eb7",5,70,"SC Magdeburg","THW Kiel",3317,570,113,145342,111216,36,28
"a0043f66-5ca6-11f0-b7a2-5389986df98b",5,70,"Handball Sport Verein Hamburg","Füchse Berlin",1453,2371,176,117326,125922,29,31
"68495aef-5ca6-11f0-adb6-fb95b19d8a7d",5,70,"MT Melsungen","TVB Stuttgart",2392,1418,190,129543,119431,32,30
"69646f1b-5ca6-11f0-9d95-116dfc6d7ae4",5,70,"SG Flensburg-Handewitt","Bergischer HC",2455,1363,182,125399,113040,31,28
"6babaf6e-5ca6-11f0-a29b-991bd49151a6",5,70,"THW Kiel","HC Erlangen",2217,1575,208,115948,109130,29,27
"6df65f0c-5ca6-11f0-9b41-714bec399a91",5,70,"TBV Lemgo Lippe","HSG Wetzlar",2228,1594,178,121295,114516,30,28
"6dbe5959-5ca6-11f0-abf0-2d244033710e",5,70,"VfL Gummersbach","Handball Sport Verein Hamburg",2515,1320,165,130702,118327,33,29
"70008f3d-5ca6-11f0-bae9-6f751d203d7c",5,70,"ThSV Eisenach","SC Magdeburg",1064,2771,165,121675,140336,30,35
"6b759efa-5ca6-11f0-a1f0-0716b158c59d",5,70,"Füchse Berlin","FRISCH AUF! Göppingen",2440,1381,179,129966,119085,32,30
"6f069ec1-5ca6-11f0-86fd-83b53cde89a1",5,70,"SC DHfK Leipzig","Rhein-Neckar Löwen",384,3547,69,102044,143458,25,36
"68db6c2d-5ca6-11f0-8e31-5b651c08d00d",5,70,"TSV Hannover-Burgdorf","GWD Minden",3386,504,110,134699,98582,33,24.5
"7507d78e-5ca6-11f0-a17c-d5c0622aa00f",5,70,"Handball Sport Verein Hamburg","SC DHfK Leipzig",2458,1363,179,114503,103146,28,26
"77ccc91c-5ca6-11f0-993c-bd9ca2574a08",5,70,"FRISCH AUF! Göppingen","GWD Minden",2703,1134,163,123923,107187,31,27
"7a5a26db-5ca6-11f0-a329-d1be6b4750f0",5,70,"TVB Stuttgart","ThSV Eisenach",1919,1863,218,119043,119097,30,29
"744cc7bf-5ca6-11f0-8c6f-0dc0d9baf47a",5,70,"VfL Gummersbach","SG Flensburg-Handewitt",1751,2066,183,123862,126344,31,31
"78995590-5ca6-11f0-a527-0dc0d9baf47a",5,70,"HC Erlangen","TSV Hannover-Burgdorf",716,3143,141,104068,132287,26,33
"733657e5-5ca6-11f0-b78a-ff240139c628",5,70,"Rhein-Neckar Löwen","THW Kiel",3375,532,93,137669,101788,34,25
"773def91-5ca6-11f0-ba6f-bd9ca2574a08",5,70,"HSG Wetzlar","Füchse Berlin",1423,2383,194,114188,124367,28,31
"71da7a7a-5ca6-11f0-a490-4ff78e868a92",5,70,"SC Magdeburg","TBV Lemgo Lippe",2521,1310,169,142558,129552,35,32
"7b1f5942-5ca6-11f0-95a8-df9b3a075d9a",5,70,"Bergischer HC","MT Melsungen",856,2980,164,100002,123022,25,31
"7e2efed5-5ca6-11f0-9464-f154bf40d9c9",5,70,"TSV Hannover-Burgdorf","HSG Wetzlar",2443,1370,187,121594,110517,30,27
"7dd4a272-5ca6-11f0-bc85-991bd49151a6",5,70,"MT Melsungen","FRISCH AUF! Göppingen",1968,1844,188,121413,119876,30,30
"85b53b24-5ca6-11f0-bed5-d1be6b4750f0",5,70,"GWD Minden","Rhein-Neckar Löwen",610,3264,126,95177,126051,23,31
"8248248a-5ca6-11f0-9415-d1be6b4750f0",5,70,"TBV Lemgo Lippe","HC Erlangen",2227,1579,194,119941,113795,30,28
"7faff14d-5ca6-11f0-8076-eb4f5862a312",5,70,"Handball Sport Verein Hamburg","SG Flensburg-Handewitt",1706,2116,178,121907,126196,30,31
"80756405-5ca6-11f0-a608-f154bf40d9c9",5,70,"Füchse Berlin","TVB Stuttgart",3211,688,101,144252,113184,36,28
"80a9caa4-5ca6-11f0-8694-83b53cde89a1",5,70,"THW Kiel","SC Magdeburg",803,3064,133,114222,140572,28,35
"84b0fbdd-5ca6-11f0-81c2-3f24f365b0fa",5,70,"ThSV Eisenach","Bergischer HC",2828,1001,171,116270,96727,29,24
"89d855d4-5ca6-11f0-8d12-d1be6b4750f0",5,70,"VfL Gummersbach","ThSV Eisenach",2785,1091,124,129004,110245,32,27
"8ac6fd1d-5ca6-11f0-8bfa-b32c156e6cd8",5,70,"HSG Wetzlar","SC DHfK Leipzig",2371,1429,200,115756,105001,29,26
"8857bc32-5ca6-11f0-8c6d-01b7509b8b07",5,70,"Rhein-Neckar Löwen","TBV Lemgo Lippe",2604,1214,182,128447,112686,32,28
"8c3c772b-5ca6-11f0-a6c8-2d244033710e",5,70,"FRISCH AUF! Göppingen","THW Kiel",2317,1499,184,123412,114648,31,28
"8d65a121-5ca6-11f0-815d-19aa98125d6f",5,70,"HC Erlangen","SG Flensburg-Handewitt",897,2954,149,105461,128020,26,32
"87331867-5ca6-11f0-b75f-3f24f365b0fa",5,70,"SC Magdeburg","GWD Minden",3350,540,110,143777,109302,36,27
"89df7695-5ca6-11f0-a1af-fb95b19d8a7d",5,70,"Handball Sport Verein Hamburg","MT Melsungen",1745,2060,195,117113,120326,29,30
"8ea8affd-5ca6-11f0-8258-19aa98125d6f",5,70,"TVB Stuttgart","TSV Hannover-Burgdorf",802,3065,133,110534,137541,27,34
"8f4d8198-5ca6-11f0-aead-3f24f365b0fa",5,70,"Bergischer HC","Füchse Berlin",278,3648,74,94746,141490,24,35
"965cab99-5ca6-11f0-bd71-89362c91f590",5,70,"TBV Lemgo Lippe","Handball Sport Verein Hamburg",2415,1401,184,123035,111998,31,28
"99ae557a-5ca6-11f0-9961-5b651c08d00d",5,70,"ThSV Eisenach","HC Erlangen",2418,1404,178,120632,109902,30,27
"93004766-5ca6-11f0-b13e-83b53cde89a1",5,70,"SG Flensburg-Handewitt","HSG Wetzlar",3001,843,156,120438,96765,30,24
"91472a03-5ca6-11f0-8be9-3f24f365b0fa",5,70,"MT Melsungen","SC Magdeburg",226,3716,58,104115,154926,26,39
"959498ac-5ca6-11f0-9dd4-2d244033710e",5,70,"THW Kiel","VfL Gummersbach",648,3216,136,100845,132384,25,33
"997f0899-5ca6-11f0-ad4f-ff240139c628",5,70,"GWD Minden","TVB Stuttgart",1384,2429,187,112077,122881,28,31
"919978bd-5ca6-11f0-9865-3f24f365b0fa",5,70,"TSV Hannover-Burgdorf","FRISCH AUF! Göppingen",2873,973,154,137296,114998,34,29
"975c4af0-5ca6-11f0-bd4b-991bd49151a6",5,70,"SC DHfK Leipzig","Bergischer HC",2463,1367,170,104058,93354,26,23
"946f7b5d-5ca6-11f0-924a-6768df442659",5,70,"Füchse Berlin","Rhein-Neckar Löwen",1552,2279,169,128243,136320,32,34
"9fe7d5d1-5ca6-11f0-ba39-df9b3a075d9a",5,70,"VfL Gummersbach","TBV Lemgo Lippe",2438,1387,175,128472,116375,32,29
"a3fbd58c-5ca6-11f0-8164-01b7509b8b07",5,70,"TVB Stuttgart","THW Kiel",2181,1623,196,125201,118897,31,30
"9bb879e8-5ca6-11f0-98ac-19aa98125d6f",5,70,"SG Flensburg-Handewitt","SC DHfK Leipzig",3549,365,86,124519,83331,31,21
"9dd69bb2-5ca6-11f0-9dbe-6768df442659",5,70,"SC Magdeburg","TSV Hannover-Burgdorf",3426,474,100,159814,120478,40,30
"a0399b80-5ca6-11f0-ad82-f154bf40d9c9",5,70,"HSG Wetzlar","MT Melsungen",1125,2702,173,97607,112260,24,28
"a28e1f9c-5ca6-11f0-a1b6-fb95b19d8a7d",5,70,"HC Erlangen","GWD Minden",1285,2512,203,108324,121041,27,30
"9dfc37b6-5ca6-11f0-9f0e-6f5f1c5108cb",5,70,"Rhein-Neckar Löwen","Bergischer HC",3439,467,94,135185,95767,34,24
"a291c883-5ca6-11f0-a819-51035e9b7dc5",5,70,"FRISCH AUF! Göppingen","ThSV Eisenach",1474,2319,207,120891,130474,30,32
"a75dd299-5ca6-11f0-8657-fb95b19d8a7d",5,70,"TSV Hannover-Burgdorf","Handball Sport Verein Hamburg",2561,1266,173,137673,122789,34,30
"ac232023-5ca6-11f0-98f7-f154bf40d9c9",5,70,"ThSV Eisenach","Rhein-Neckar Löwen",929,2957,114,106443,130982,26,33
"a5eec874-5ca6-11f0-92bd-b32c156e6cd8",5,70,"MT Melsungen","VfL Gummersbach",640,3231,129,101554,133722,25,33
"ad45e4a7-5ca6-11f0-902f-5389986df98b",5,70,"GWD Minden","HSG Wetzlar",1908,1905,187,110519,110883,27,28
"a88269a6-5ca6-11f0-bb59-2d244033710e",5,70,"THW Kiel","SG Flensburg-Handewitt",740,3134,126,95534,122604,24,31
"aa26dc30-5ca6-11f0-9242-db9bdd6c33ea",5,70,"TBV Lemgo Lippe","FRISCH AUF! Göppingen",3074,785,141,141021,112552,35,28
"aaea4110-5ca6-11f0-9342-6768df442659",5,70,"SC DHfK Leipzig","TVB Stuttgart",827,3039,134,103489,129022,26,32
"adeab893-5ca6-11f0-8989-991bd49151a6",5,70,"Bergischer HC","SC Magdeburg",326,3590,84,106880,153500,27,38
"a7ac6b46-5ca6-11f0-9322-6f5f1c5108cb",5,70,"Füchse Berlin","HC Erlangen",3193,662,145,150350,120310,38,30
"b4d319a8-5ca6-11f0-b554-0716b158c59d",5,70,"Handball Sport Verein Hamburg","Bergischer HC",2575,1270,155,128584,114323,32,28
"afedded7-5ca6-11f0-a2c9-f154bf40d9c9",5,70,"MT Melsungen","THW Kiel",2867,955,178,122515,103156,30,26
"b00d1d06-5ca6-11f0-aa96-295b0dcac3ba",5,70,"SG Flensburg-Handewitt","GWD Minden",2759,1071,170,133574,114387,33,29
"b1dc79f0-5ca6-11f0-bf59-6f5f1c5108cb",5,70,"SC Magdeburg","Füchse Berlin",1915,1893,192,147774,147757,37,37
"b2bc9ecc-5ca6-11f0-b72f-83b53cde89a1",5,70,"Rhein-Neckar Löwen","HSG Wetzlar",3227,638,135,134823,104053,33,26
"b4023988-5ca6-11f0-816a-eb4f5862a312",5,70,"VfL Gummersbach","TSV Hannover-Burgdorf",2176,1660,164,133497,127257,33,32
"b51cf109-5ca6-11f0-a74a-5b651c08d00d",5,70,"SC DHfK Leipzig","ThSV Eisenach",1006,2826,168,96922,116344,24,29
"b792933a-5ca6-11f0-a8f3-83b53cde89a1",5,70,"TVB Stuttgart","TBV Lemgo Lippe",1043,2808,149,116669,136935,29,34
"b79e3df6-5ca6-11f0-ad50-99e7835864cf",5,70,"FRISCH AUF! Göppingen","HC Erlangen",2733,1089,178,126889,109235,31,27
"bde1a1a9-5ca6-11f0-8104-ff240139c628",5,70,"HSG Wetzlar","TVB Stuttgart",1215,2625,160,110944,125637,28,31
"c1a2093c-5ca6-11f0-b205-5b651c08d00d",5,70,"Bergischer HC","VfL Gummersbach",1188,2667,145,106814,124682,26,31
"ba88153b-5ca6-11f0-b133-99e7835864cf",5,70,"THW Kiel","ThSV Eisenach",1308,2528,164,104412,116809,26,29
"bd1746b4-5ca6-11f0-bc87-bd9ca2574a08",5,70,"TBV Lemgo Lippe","MT Melsungen",2478,1365,157,135145,123347,34,31
"b9cd077f-5ca6-11f0-a04d-83b53cde89a1",5,70,"TSV Hannover-Burgdorf","SG Flensburg-Handewitt",2142,1676,182,135536,130308,34,32
"ba314747-5ca6-11f0-9340-991bd49151a6",5,70,"Füchse Berlin","SC DHfK Leipzig",3713,219,68,150482,98233,37.5,24
"bf211007-5ca6-11f0-a70c-df9b3a075d9a",5,70,"GWD Minden","Handball Sport Verein Hamburg",926,2921,153,117826,140892,29,35
"c1641e19-5ca6-11f0-a3f3-d762507eae65",5,70,"HC Erlangen","Rhein-Neckar Löwen",620,3260,120,111233,144514,28,36
"bf8892d7-5ca6-11f0-8448-db9bdd6c33ea",5,70,"FRISCH AUF! Göppingen","SC Magdeburg",1076,2782,142,120463,141174,30,35
"c86fb91d-5ca6-11f0-b761-99e7835864cf",5,70,"SC DHfK Leipzig","FRISCH AUF! Göppingen",845,2985,170,96006,120404,24,30
"c9b77716-5ca6-11f0-848f-ff240139c628",5,70,"ThSV Eisenach","TSV Hannover-Burgdorf",1248,2593,159,117330,132396,29,33
"c3ec59f0-5ca6-11f0-b5c8-db9bdd6c33ea",5,70,"MT Melsungen","GWD Minden",2334,1474,192,127825,118824,32,30
"c5712854-5ca6-11f0-9161-bd9ca2574a08",5,70,"Rhein-Neckar Löwen","SG Flensburg-Handewitt",2608,1248,144,136285,121051,34,30
"c68cbc79-5ca6-11f0-87e0-5b651c08d00d",5,70,"VfL Gummersbach","HSG Wetzlar",2906,946,148,125607,102956,31,26
"ca742518-5ca6-11f0-b998-0dc0d9baf47a",5,70,"Handball Sport Verein Hamburg","THW Kiel",3263,617,120,136461,105710,34,26
"c45b369c-5ca6-11f0-8602-0716b158c59d",5,70,"SC Magdeburg","HC Erlangen",3434,453,113,155188,116264,39,29
"cb8fdc52-5ca6-11f0-8745-83b53cde89a1",5,70,"Bergischer HC","TVB Stuttgart",1476,2322,202,114413,123816,28,31
"c80ac324-5ca6-11f0-b6ff-0716b158c59d",5,70,"TBV Lemgo Lippe","Füchse Berlin",1625,2190,185,135692,142677,34,35
"8318df1f-5ca6-11f0-81cc-19aa98125d6f",5,70,"SC DHfK Leipzig","VfL Gummersbach",616,3278,106,98005,131938,24,33
"ce9a30ec-5ca6-11f0-94e8-b54ce7529c4f",5,70,"Füchse Berlin","VfL Gummersbach",2515,1330,155,141194,127447,35,32
"d4809d67-5ca6-11f0-b593-51035e9b7dc5",5,70,"FRISCH AUF! Göppingen","Rhein-Neckar Löwen",1380,2467,153,115470,127588,29,32
"d1fdb42f-5ca6-11f0-b3da-51035e9b7dc5",5,70,"GWD Minden","ThSV Eisenach",1786,2035,179,118159,120660,29,30
"cef40b45-5ca6-11f0-9717-6f751d203d7c",5,70,"SG Flensburg-Handewitt","MT Melsungen",1966,1836,198,119053,117485,30,29
"d0c9999e-5ca6-11f0-808d-6f751d203d7c",5,70,"THW Kiel","SC DHfK Leipzig",2312,1495,193,110656,101986,28,25
"d411f594-5ca6-11f0-a97d-d58997422e0d",5,70,"HC Erlangen","Handball Sport Verein Hamburg",715,3131,154,113194,141680,28,35
"d177c0cd-5ca6-11f0-8259-6f751d203d7c",5,70,"HSG Wetzlar","Bergischer HC",1685,2126,189,105020,109240,26,27
"cda185d1-5ca6-11f0-90b0-d5c0622aa00f",5,70,"TSV Hannover-Burgdorf","TBV Lemgo Lippe",1446,2363,191,129913,140466,32,35
"d6ad8f85-5ca6-11f0-a300-6f5f1c5108cb",5,70,"TVB Stuttgart","SC Magdeburg",1102,2732,166,129367,149170,32,37
